{"cameraMode":{"drawMode":0,"name":"Shaded","section":"Shading Mode"},"sceneLighting":false,"audioPlay":false,"sceneViewState":{"showFog":true,"showMaterialUpdate":false,"showSkybox":false,"showFlares":true,"showImageEffects":true,"showParticleSystems":true},"in2DMode":false,"pivot":{"x":-0.04364137351512909,"y":0.04570300877094269,"z":0.008911505341529847},"rotation":{"x":0.1738831102848053,"y":-0.5325903296470642,"z":0.11285524815320969,"w":0.820598840713501},"size":0.19430214166641236,"orthographic":false}