{"cameraMode":{"drawMode":0,"name":"Shaded","section":"Shading Mode"},"sceneLighting":false,"audioPlay":false,"sceneViewState":{"showFog":true,"showMaterialUpdate":false,"showSkybox":true,"showFlares":true,"showImageEffects":true,"showParticleSystems":true},"in2DMode":false,"pivot":{"x":2.6693010330200197,"y":-3.2666664123535158,"z":-9.769170761108399},"rotation":{"x":0.2791810929775238,"y":0.6847506165504456,"z":-0.32395726442337038,"w":0.5901079177856445},"size":11.203831672668457,"orthographic":false}